City,Lat,Lng,Max Temp,Humidity,Cloudiness,Wind Speed,Country,Date
kem,64.9555,34.5793,41.67,81,100,9.89,RU,1652230045
khatanga,71.9667,102.5,21.16,91,16,11.81,RU,1652230047
zeya,53.75,127.2667,48.99,37,100,3.56,RU,1652230049
casablanca,33.5928,-7.6192,62.82,62,67,5.48,MA,1652230051
castro,-24.7911,-50.0119,59.4,89,100,1.9,BR,1652230053
bukachacha,52.9833,116.9167,36.0,39,100,9.37,RU,1652230054
ushuaia,-54.8,-68.3,40.66,75,0,5.75,AR,1652230056
impfondo,1.6381,18.0667,72.07,98,100,1.74,CG,1652230057
punta arenas,-53.15,-70.9167,42.91,70,75,11.5,CL,1652229777
lasa,46.6166,10.7002,56.28,72,97,2.06,IT,1652230061
saint-augustin,51.226,-58.6502,48.09,60,16,13.06,CA,1652230063
bilma,18.6853,12.9164,88.86,15,47,7.7,NE,1652230064
cidreira,-30.1811,-50.2056,63.61,95,100,1.3,BR,1652230066
makat,47.6469,53.3463,46.4,61,0,7.09,KZ,1652230068
dikson,73.5069,80.5464,28.47,95,100,28.23,RU,1652230070
luderitz,-26.6481,15.1594,56.93,71,11,13.33,NA,1652230072
busselton,-33.65,115.3333,63.21,75,100,3.6,AU,1652230073
puerto ayora,-0.7393,-90.3518,72.55,95,22,4.0,EC,1652230075
san patricio,28.017,-97.5169,82.54,74,0,17.4,US,1652230076
roald,62.5833,6.1333,49.12,81,100,13.8,NO,1652230078
saint george,37.1041,-113.5841,72.63,9,0,11.5,US,1652229923
dwarka,22.2394,68.9678,82.33,75,48,16.64,IN,1652230081
chuy,-33.6971,-53.4616,59.56,92,100,7.14,UY,1652229960
mataura,-46.1927,168.8643,56.48,61,11,3.44,NZ,1652230083
priargunsk,50.3691,119.1012,38.55,56,100,13.06,RU,1652230085
severobaykalsk,55.65,109.3167,34.7,57,63,5.59,RU,1652230086
dingle,10.9995,122.6711,85.93,64,100,5.55,PH,1652230088
hamilton,39.1834,-84.5333,80.69,68,40,4.61,US,1652229847
xuddur,4.1213,43.8894,73.29,84,85,13.56,SO,1652230091
paramonga,-10.6667,-77.8333,64.83,82,2,7.18,PE,1652230092
bunia,1.5667,30.25,65.1,86,91,1.57,CD,1652230094
lompoc,34.6391,-120.4579,63.57,61,0,26.46,US,1652230095
airai,-8.9266,125.4092,71.42,56,60,1.03,TL,1652230061
hilo,19.7297,-155.09,83.28,77,100,12.66,US,1652229875
saldanha,-33.0117,17.9442,55.45,94,77,1.57,ZA,1652230099
saint-philippe,-21.3585,55.7679,71.19,78,5,4.79,RE,1652229882
kidal,18.4411,1.4078,86.23,5,0,6.96,ML,1652230102
cabo san lucas,22.8909,-109.9124,89.91,30,0,0.0,MX,1652229961
port alfred,-33.5906,26.891,65.17,80,12,10.0,ZA,1652230105
hay river,60.8156,-115.7999,31.98,64,75,3.44,CA,1652229911
bethel,41.3712,-73.414,66.29,20,0,8.05,US,1652230108
kailua,21.4022,-157.7394,84.18,70,75,13.8,US,1652229870
carnarvon,-24.8667,113.6333,69.87,94,96,0.0,AU,1652230110
buraydah,26.326,43.975,79.25,15,0,13.38,SA,1652229949
lebu,-37.6167,-73.65,51.66,77,100,6.38,CL,1652230094
iqaluit,63.7506,-68.5145,29.93,100,100,19.57,CA,1652230114
acajutla,13.5928,-89.8275,83.19,74,6,4.23,SV,1652230116
barrow,71.2906,-156.7887,23.02,80,100,11.5,US,1652230117
severo-kurilsk,50.6789,156.125,36.23,99,100,7.9,RU,1652230119
cape town,-33.9258,18.4232,59.11,95,75,10.36,ZA,1652229886
avarua,-21.2078,-159.775,82.45,83,75,3.44,CK,1652230121
laguna,38.421,-121.4238,63.05,38,0,9.22,US,1652230123
rikitea,-23.1203,-134.9692,76.82,70,4,15.03,PF,1652230124
yulara,-25.2406,130.9889,60.64,39,93,9.22,AU,1652230126
jamestown,42.097,-79.2353,71.24,21,0,9.22,US,1652229899
saint-georges,12.0564,-61.7485,80.28,78,20,27.63,GD,1652230129
gastonia,35.2621,-81.1873,74.89,47,0,5.75,US,1652229901
fukumitsu,36.55,136.8667,73.65,46,100,1.99,JP,1652230131
aklavik,68.2191,-135.0107,32.22,79,100,15.17,CA,1652230133
maua,-23.6678,-46.4614,64.09,89,5,0.87,BR,1652229863
preobrazheniye,42.9019,133.9064,55.99,41,100,7.27,RU,1652230031
bhavnagar,21.7667,72.15,87.15,50,82,5.59,IN,1652230138
taunggyi,20.7833,97.0333,67.53,84,92,3.47,MM,1652230140
hermanus,-34.4187,19.2345,61.81,81,100,15.01,ZA,1652230142
hobart,-42.8794,147.3294,53.46,80,0,10.36,AU,1652230145
srandakan,-7.9386,110.2506,82.47,81,49,0.31,ID,1652230147
hithadhoo,-0.6,73.0833,84.07,74,91,15.41,MV,1652230149
mar del plata,-38.0023,-57.5575,53.94,76,0,11.01,AR,1652230152
rocha,-34.4833,-54.3333,57.56,91,100,5.37,UY,1652230153
arraial do cabo,-22.9661,-42.0278,73.63,77,98,8.9,BR,1652230155
tasiilaq,65.6145,-37.6368,24.96,91,100,12.55,GL,1652230158
qaanaaq,77.484,-69.3632,13.87,73,0,6.13,GL,1652230159
atuona,-9.8,-139.0333,78.89,68,8,19.91,PF,1652230140
east london,-33.0153,27.9116,69.24,39,90,7.11,ZA,1652230162
phuket,8.0,98.25,89.13,80,20,3.44,TH,1652229928
kiruna,67.8557,20.2251,32.92,100,100,0.0,SE,1652230166
kaitangata,-46.2817,169.8464,55.24,61,18,8.21,NZ,1652230139
kalmunai,7.4167,81.8167,80.1,77,35,3.47,LK,1652230170
ilulissat,69.2167,-51.1,24.82,54,13,0.0,GL,1652230172
albany,42.6001,-73.9662,70.21,62,0,6.08,US,1652230053
progreso,21.2833,-89.6667,86.11,82,0,20.89,MX,1652229919
el campo,29.1966,-96.2697,82.38,57,40,16.11,US,1652230176
gazojak,41.1875,61.4036,61.75,50,80,8.32,TM,1652230178
bahia blanca,-38.7196,-62.2724,52.48,90,0,5.59,AR,1652230179
yellowknife,62.456,-114.3525,36.12,64,100,5.75,CA,1652230075
alofi,-19.0595,-169.9187,80.49,74,75,12.66,NU,1652230182
bengkulu,-3.8004,102.2655,77.81,84,100,3.24,ID,1652230184
klaksvik,62.2266,-6.589,45.52,85,4,4.63,FO,1652230185
berdigestyakh,62.0989,126.6992,33.26,68,99,8.9,RU,1652230187
katsuura,35.1333,140.3,64.71,72,100,6.64,JP,1652230188
butaritari,3.0707,172.7902,81.27,73,13,15.26,KI,1652230190
nikolskoye,59.7035,30.7861,44.49,76,39,5.35,RU,1652230191
guerrero negro,27.9769,-114.0611,63.09,66,0,23.51,MX,1652230152
manhattan,40.7834,-73.9662,66.42,31,75,12.66,US,1652229913
puerto carreno,6.189,-67.4859,79.12,84,92,4.74,CO,1652230195
ribeira grande,38.5167,-28.7,60.87,86,100,22.37,PT,1652230197
victoria,22.2855,114.1577,78.85,95,100,10.0,HK,1652230000
chokurdakh,70.6333,147.9167,15.64,90,97,8.61,RU,1652230199
fairbanks,64.8378,-147.7164,43.61,79,100,16.11,US,1652230187
russkiy,43.0147,131.8642,55.26,86,100,8.41,RU,1652230202
coquimbo,-29.9533,-71.3436,56.93,100,100,4.61,CL,1652230204
chatra,24.2167,84.8667,83.12,61,5,10.4,IN,1652230205
emba,48.8264,58.1442,41.67,84,24,14.97,KZ,1652230207
kodiak,57.79,-152.4072,49.51,34,0,25.32,US,1652229932
lagoa,39.05,-27.9833,58.98,74,100,19.69,PT,1652230210
san cristobal,7.7669,-72.225,73.58,99,100,3.69,VE,1652230142
pacific grove,36.6177,-121.9166,62.38,65,20,16.11,US,1652230001
belyy yar,53.6039,91.3903,37.85,51,0,2.24,RU,1652230213
nizwa,22.9333,57.5333,79.77,29,0,2.35,OM,1652230216
ostersund,63.1792,14.6357,39.65,100,75,4.61,SE,1652230218
moose factory,51.2585,-80.6094,73.4,40,75,10.36,CA,1652230221
buala,-8.145,159.5921,82.58,79,100,6.71,SB,1652230222
luorong,24.4058,109.6086,70.54,87,100,6.02,CN,1652230225
vaini,-21.2,-175.2,80.76,65,20,5.75,TO,1652230227
luangwa,-15.6167,30.4167,65.5,74,0,3.13,ZM,1652230228
novorzhev,57.0294,29.3338,39.67,77,13,4.74,RU,1652230230
lahore,31.5497,74.3436,84.18,58,0,5.75,PK,1652230231
bluff,-46.6,168.3333,57.79,72,52,13.44,NZ,1652230233
kaya,13.0917,-1.0844,89.6,26,93,9.08,BF,1652230236
lavrentiya,65.5833,-171.0,33.39,97,76,5.46,RU,1652230238
port augusta,-32.5,137.7667,64.83,61,31,7.2,AU,1652230240
faanui,-16.4833,-151.75,82.62,74,10,16.4,PF,1652230242
puerto escondido,15.85,-97.0667,83.71,74,28,3.65,MX,1652229983
kavieng,-2.5744,150.7967,85.12,68,100,15.3,PG,1652230244
flinders,-34.5833,150.8552,68.38,81,100,4.0,AU,1652230246
esperance,-33.8667,121.9,60.64,34,70,14.63,AU,1652230248
tabou,4.423,-7.3528,79.25,86,100,5.59,CI,1652230249
omsukchan,62.5333,155.8,31.89,99,100,10.18,RU,1652230251
bathsheba,13.2167,-59.5167,79.41,83,40,16.11,BB,1652230253
port hardy,50.6996,-127.4199,51.98,71,75,6.91,CA,1652230207
omboue,-1.5746,9.2618,77.61,91,100,4.99,GA,1652230142
tual,-5.6667,132.75,84.29,74,100,7.87,ID,1652230258
chicla,-11.705,-76.2686,41.83,88,10,2.48,PE,1652230260
guanica,17.9716,-66.908,80.94,82,64,9.04,PR,1652230262
norman wells,65.282,-126.8329,48.24,31,100,6.91,CA,1652230263
caravelas,-17.7125,-39.2481,71.65,82,85,3.4,BR,1652230265
bredasdorp,-34.5322,20.0403,60.12,75,100,13.76,ZA,1652230267
tuktoyaktuk,69.4541,-133.0374,30.2,80,100,16.11,CA,1652230268
haines junction,60.7522,-137.5108,37.35,70,100,12.66,CA,1652230270
okhotsk,59.3833,143.3,32.86,99,100,10.54,RU,1652230271
pevek,69.7008,170.3133,29.75,76,24,8.34,RU,1652230273
pierre,44.3683,-100.351,68.92,42,0,6.91,US,1652230274
melendugno,40.2747,18.3368,57.56,82,0,3.44,IT,1652230277
varkaus,62.3153,27.873,46.31,58,100,9.89,FI,1652230279
cabinda,-5.55,12.2,77.52,89,100,3.42,AO,1652230280
codrington,-38.2667,141.9667,63.3,61,99,4.54,AU,1652230282
cayenne,4.9333,-52.3333,82.09,1,75,5.75,GF,1652230127
copiapo,-27.3667,-70.3333,53.29,64,0,2.84,CL,1652230285
chicama,-7.8447,-79.1469,61.34,77,9,5.53,PE,1652230287
vestmanna,62.1564,-7.1664,43.72,100,75,5.75,FO,1652230289
te anau,-45.4167,167.7167,51.28,63,13,1.39,NZ,1652230290
hofn,64.2539,-15.2082,39.52,60,100,21.07,IS,1652230292
penzance,50.1186,-5.5371,54.57,91,100,16.84,GB,1652230293
kudahuvadhoo,2.6708,72.8944,84.4,76,99,17.63,MV,1652230124
kapaa,22.0752,-159.319,80.92,77,75,13.8,US,1652230296
kondinskoye,59.6481,67.41,53.2,59,100,11.07,RU,1652230298
askiz,53.1319,90.5264,39.67,41,0,7.45,RU,1652230299
avera,33.194,-82.5271,71.11,46,0,6.69,US,1652230301
bozuyuk,39.9078,30.0367,48.49,79,100,1.16,TR,1652230302
murray bridge,-35.1167,139.2667,61.12,66,100,4.36,AU,1652230304
quartz hill,34.6453,-118.2181,64.4,32,0,23.02,US,1652230306
mwinilunga,-11.7358,24.4293,59.22,76,6,3.71,ZM,1652230307
ponta do sol,32.6667,-17.1,69.12,47,0,5.06,PT,1652230309
constitucion,-35.3333,-72.4167,56.68,72,100,8.88,CL,1652230310
riccione,44.0051,12.6447,67.08,78,4,3.44,IT,1652230312
pachino,36.7186,15.0907,60.26,67,0,3.02,IT,1652230313
hasaki,35.7333,140.8333,66.6,74,100,6.78,JP,1652230315
thompson,55.7435,-97.8558,60.96,41,100,6.91,CA,1652230318
meridian,43.6121,-116.3915,55.94,34,0,11.5,US,1652230219
berlevag,70.8578,29.0864,37.35,87,100,14.97,NO,1652230321
aquiraz,-3.9014,-38.3911,78.89,69,100,1.9,BR,1652230270
pocri,8.2667,-80.55,79.79,82,100,2.75,PA,1652230324
dali,25.7,100.1833,63.43,83,82,4.34,CN,1652230326
port elizabeth,-33.918,25.5701,64.69,91,20,20.71,ZA,1652230327
chitipa,-9.7024,33.2697,58.73,96,8,5.23,MW,1652230329
torbay,47.6666,-52.7314,47.17,56,20,18.41,CA,1652230330
longhua,23.6137,114.1919,73.85,98,100,0.92,CN,1652230332
iralaya,15.0,-83.2333,78.64,83,0,8.81,HN,1652230333
pitimbu,-7.4706,-34.8086,77.59,82,95,9.71,BR,1652230335
pisco,-13.7,-76.2167,64.45,82,100,2.3,PE,1652230336
komsomolskiy,40.4272,71.7189,63.32,77,43,4.61,UZ,1652230338
mahebourg,-20.4081,57.7,75.25,94,20,4.61,MU,1652230339
los llanos de aridane,28.6585,-17.9182,65.12,55,20,5.99,ES,1652230128
baghdad,33.3406,44.4009,69.71,35,0,3.44,IQ,1652230328
velasco ibarra,-1.05,-79.6167,73.47,95,96,4.94,EC,1652230345
severo-yeniseyskiy,60.3725,93.0408,38.84,74,2,3.85,RU,1652230346
nouadhibou,20.931,-17.0347,71.58,83,75,14.97,MR,1652230348
salalah,17.0151,54.0924,82.72,46,11,5.53,OM,1652230350
tiksi,71.6872,128.8694,24.26,83,18,8.03,RU,1652230353
hovd,48.0056,91.6419,41.36,24,0,6.55,MN,1652230355
husavik,66.0449,-17.3389,31.64,96,100,11.59,IS,1652230356
angoche,-16.2325,39.9086,72.77,79,1,7.09,MZ,1652230358
shelburne,44.0787,-80.2041,68.45,65,41,8.14,CA,1652230137
naze,28.3667,129.4833,74.32,65,100,2.57,JP,1652230360
gediz,39.0417,29.41,51.04,84,100,1.66,TR,1652230362
georgetown,5.4112,100.3354,76.93,89,40,5.75,MY,1652230230
kavaratti,10.5669,72.642,85.26,67,100,17.4,IN,1652230210
bure,10.7,37.0667,66.25,58,95,3.09,ET,1652230367
erzin,36.9559,36.2,59.23,65,79,1.77,TR,1652230370
xining,36.6167,101.7667,52.95,61,27,2.1,CN,1652230371
waipawa,-41.4122,175.5153,50.49,61,100,6.76,NZ,1652230373
maceio,-9.6658,-35.7353,74.64,88,20,2.3,BR,1652230279
broome,42.2506,-75.833,70.18,21,0,6.91,US,1652230375
sarkand,45.41,79.9186,58.03,73,100,2.28,KZ,1652230377
banjar,-8.19,114.9675,83.84,80,98,1.59,ID,1652230378
vrede,-27.4257,29.1659,44.62,63,100,3.69,ZA,1652230380
kahului,20.8947,-156.47,84.22,61,40,25.32,US,1652230382
kulhudhuffushi,6.6221,73.07,83.77,76,100,16.33,MV,1652230383
seoul,37.5683,126.9778,69.19,43,0,3.44,KR,1652230183
ola,59.5833,151.2833,37.15,93,100,8.03,RU,1652230386
cururupu,-1.8283,-44.8683,73.96,93,100,1.39,BR,1652230387
lodja,-3.4833,23.4333,72.27,79,100,1.72,CD,1652230389
high prairie,55.4334,-116.4858,44.53,70,100,2.08,CA,1652230390
novikovo,51.1537,37.8879,38.97,96,100,14.0,RU,1652230392
kuybyshevo,47.8123,38.9073,39.69,77,37,5.79,RU,1652230394
sangin,32.0728,64.8359,76.24,13,0,3.13,AF,1652230395
samarai,-10.6167,150.6667,85.19,75,100,15.73,PG,1652230397
inta,66.0317,60.1659,32.97,85,26,5.28,RU,1652230398
honningsvag,70.9821,25.9704,37.15,87,100,9.22,NO,1652230400
poum,-20.2333,164.0167,78.31,72,22,19.22,NC,1652230401
sal rei,16.1833,-22.9167,70.92,86,5,15.14,CV,1652230403
novyy urengoy,66.0833,76.6333,27.52,96,98,4.34,RU,1652230404
biloela,-24.4167,150.5,72.61,70,100,12.21,AU,1652230406
villa bruzual,9.3328,-69.1208,75.54,89,93,3.44,VE,1652230407
alice springs,-23.7,133.8833,60.35,44,0,8.05,AU,1652230409
pimentel,-6.8367,-79.9342,64.49,83,30,10.47,PE,1652230411
machaneng,-23.1862,27.4886,58.98,69,0,2.59,BW,1652230412
srednekolymsk,67.45,153.6833,24.98,82,100,4.83,RU,1652230414
nanortalik,60.1432,-45.2371,35.47,85,87,5.23,GL,1652230415
teguldet,57.3064,88.1667,42.76,43,0,5.17,RU,1652230417
vila franca do campo,37.7167,-25.4333,66.2,92,100,3.96,PT,1652230418
port macquarie,-31.4333,152.9167,67.89,65,100,10.45,AU,1652230420
saskylakh,71.9167,114.0833,23.18,92,100,4.61,RU,1652230421
rio grande,-32.035,-52.0986,60.94,90,100,3.94,BR,1652230423
gigmoto,13.7796,124.39,85.05,69,65,6.82,PH,1652230424
ilo,-17.6394,-71.3375,63.81,84,15,2.86,PE,1652230426
izhmorskiy,56.194,86.6414,41.13,41,0,12.1,RU,1652230427
siuna,13.7332,-84.7773,76.6,84,97,4.61,NI,1652230429
boende,-0.2167,20.8667,71.67,98,100,1.97,CD,1652230430
garowe,8.4054,48.4845,82.33,63,44,4.32,SO,1652230432
mizdah,31.4451,12.9801,58.17,81,100,7.2,LY,1652230433
staraya poltavka,50.4772,46.4814,37.71,77,0,11.39,RU,1652230434
sola,-13.8833,167.55,83.07,79,100,13.8,VU,1652230436
longyearbyen,78.2186,15.6401,17.44,67,20,4.61,SJ,1652230439
denpasar,-8.65,115.2167,85.71,79,75,14.97,ID,1652230166
tynda,55.1667,124.7167,34.54,57,100,11.3,RU,1652230441
minot,48.2325,-101.2963,66.31,44,0,6.44,US,1652230443
tsumeb,-19.2333,17.7167,59.29,29,0,5.97,NA,1652230444
hambantota,6.1241,81.1185,79.14,100,20,8.05,LK,1652230446
sept-iles,50.2001,-66.3821,42.06,78,20,6.91,CA,1652230447
kolobrzeg,54.1757,15.5834,60.15,99,100,8.01,PL,1652230449
ndele,8.4109,20.6473,80.11,51,97,7.27,CF,1652230450
kruisfontein,-34.0033,24.7314,58.32,74,0,15.14,ZA,1652230452
crotone,39.0851,17.1178,60.26,71,17,5.55,IT,1652230455
aygedzor,38.9785,46.2079,46.29,90,83,2.42,AM,1652230456
gewane,10.1664,40.6453,80.94,46,0,5.08,ET,1652230458
inhambane,-23.865,35.3833,65.84,90,0,5.41,MZ,1652230459
strezhevoy,60.7333,77.5889,51.98,69,100,8.14,RU,1652230461
daru,-9.0763,143.2092,86.13,72,65,6.31,PG,1652230462
rincon,32.296,-81.2354,72.84,61,0,5.73,US,1652230464
colares,38.7992,-9.4469,65.79,54,34,10.0,PT,1652230465
ormara,25.2088,64.6357,81.63,76,0,8.28,PK,1652230467
panjab,34.388,67.0233,51.33,56,0,3.33,AF,1652230468
geraldton,-28.7667,114.6,63.01,88,75,4.61,AU,1652230470
wajima,37.4,136.9,70.48,56,0,4.61,JP,1652230471
gatesville,31.4352,-97.7439,89.71,60,0,12.66,US,1652230473
moryakovskiy zaton,56.6956,84.6467,42.12,37,0,7.2,RU,1652230474
sao filipe,14.8961,-24.4956,72.36,82,6,7.05,CV,1652230476
tambun,-6.2641,107.0712,88.9,74,54,2.28,ID,1652230478
provideniya,64.3833,-173.3,33.91,86,75,18.01,RU,1652230480
temiscaming,46.7212,-79.0971,69.35,24,0,5.75,CA,1652230481
belmonte,-15.8631,-38.8828,73.67,80,77,6.87,BR,1652230483
wolfen,51.6667,12.2833,64.58,71,100,1.99,DE,1652230484
agapovka,53.2973,59.1348,47.41,88,100,13.42,RU,1652230486
portland,45.5234,-122.6762,61.84,47,96,7.0,US,1652230407
kupang,-10.1667,123.5833,82.69,60,7,2.93,ID,1652230488
burnie,-41.0667,145.9167,58.89,77,100,9.91,AU,1652230490
vostok,46.4856,135.8833,67.86,22,100,3.24,RU,1652230491
linhares,-19.3911,-40.0722,67.6,94,21,1.86,BR,1652230365
deshnok,27.7986,73.3447,85.68,20,0,9.1,IN,1652230494
lawrenceburg,38.0373,-84.8966,75.51,81,29,1.95,US,1652230496
rivadavia,-33.1905,-68.4608,62.73,37,100,10.6,AR,1652230497
key largo,25.0865,-80.4473,76.98,54,6,18.14,US,1652230499
skibbereen,51.55,-9.2667,51.12,92,100,13.8,IE,1652230500
sotnikovo,51.8845,107.4791,41.09,42,37,4.47,RU,1652230502
saint-joseph,-21.3667,55.6167,70.18,76,2,1.45,RE,1652230503
bumba,2.1833,22.4667,71.1,97,100,1.86,CD,1652230505
miramar,25.9873,-80.2323,76.01,66,0,7.0,US,1652230506
zaysan,47.4667,84.8667,62.46,24,92,5.39,KZ,1652230508
south lake tahoe,38.9332,-119.9844,40.26,74,100,4.61,US,1652230509
thai binh,20.45,106.3333,82.18,84,100,4.25,VN,1652230512
new norfolk,-42.7826,147.0587,53.92,54,100,2.42,AU,1652230513
punta alta,-38.8759,-62.0736,53.38,87,0,7.27,AR,1652230515
erenhot,43.6475,111.9767,39.76,28,0,12.06,CN,1652230516
webuye,0.6075,34.7697,61.52,84,31,4.07,KE,1652230518
podgornoye,51.735,39.1496,39.42,93,100,15.66,RU,1652230519
west plains,36.7281,-91.8524,80.91,78,1,8.01,US,1652230521
port-cartier,50.0334,-66.8654,41.76,90,49,4.56,CA,1652230522
nanzhang,31.7765,111.8386,66.92,70,100,3.18,CN,1652230524
san quintin,30.4833,-115.95,62.2,64,100,25.14,MX,1652230525
sakakah,29.9697,40.2064,69.37,22,0,6.22,SA,1652230527
zhongshu,24.5167,103.7667,67.89,79,19,8.12,CN,1652230530
talaya,61.3833,152.75,36.95,100,100,8.05,RU,1652230531
bilibino,68.0546,166.4372,33.8,90,100,5.28,RU,1652230533
vestmannaeyjar,63.4427,-20.2734,42.82,73,100,10.18,IS,1652230534
sehithwa,-20.4667,22.7167,57.33,18,0,4.94,BW,1652230536
asau,46.4333,26.4,46.96,100,100,3.67,RO,1652230537
sao pedro,-22.5486,-47.9139,63.59,82,28,2.37,BR,1652230539
mount gambier,-37.8333,140.7667,55.31,88,100,5.75,AU,1652230540
sisophon,13.5859,102.9737,83.61,73,74,3.71,KH,1652230542
port lincoln,-34.7333,135.8667,62.11,61,0,8.01,AU,1652230543
franklin,39.9667,-83.0166,75.83,53,0,4.61,US,1652230545
le port,-20.9373,55.2919,72.25,78,9,10.33,RE,1652230546
marshall,34.3834,-86.3333,78.85,66,0,0.0,US,1652229745
pauini,-7.7136,-66.9764,75.9,91,100,1.07,BR,1652230549
hohhot,40.8106,111.6522,46.69,39,0,2.24,CN,1652230550
guatire,10.4762,-66.5427,72.36,96,29,2.62,VE,1652230552
narsaq,60.9167,-46.05,35.31,87,100,4.54,GL,1652230553
bambous virieux,-20.3428,57.7575,75.22,94,20,4.61,MU,1652230555
accra,5.556,-0.1969,82.81,89,40,9.22,GH,1652230452
lipari,38.4674,14.954,59.32,81,28,7.54,IT,1652230557
touros,-5.1989,-35.4608,76.98,86,55,8.3,BR,1652230559
mecca,21.4267,39.8261,84.9,20,0,4.83,SA,1652230560
sao joao da barra,-21.6403,-41.0511,68.85,92,4,7.38,BR,1652230562
kenai,60.5544,-151.2583,52.03,44,0,11.77,US,1652230563
kenora,49.8167,-94.4337,65.37,32,20,6.91,CA,1652230272
tamandare,-8.7597,-35.1047,76.48,83,58,4.97,BR,1652230567
port blair,11.6667,92.75,80.64,94,40,2.3,IN,1652230569
pangody,65.85,74.4859,29.43,94,29,4.9,RU,1652230570
saint-francois,46.4154,3.9054,52.68,93,0,0.0,FR,1652230546
marzuq,14.4,46.4667,72.7,34,3,4.29,YE,1652230573
chernogolovka,56.0,38.3667,42.06,67,100,10.94,RU,1652230575
vaitape,-16.5167,-151.75,82.65,73,10,16.2,PF,1652230576
adrar,20.5022,-10.0711,84.29,10,10,7.81,MR,1652230296
ugra,54.7777,34.3267,38.37,75,100,6.49,RU,1652230579
claudio,-20.4433,-44.7658,56.46,66,23,3.53,BR,1652230580
mehamn,71.0357,27.8492,37.31,98,100,19.28,NO,1652230582
ketchikan,55.3422,-131.6461,42.78,94,100,5.91,US,1652230583
meulaboh,4.1363,96.1285,78.85,89,93,6.93,ID,1652230586
paamiut,61.994,-49.6678,33.08,100,100,6.04,GL,1652230587
kumluca,36.3703,30.2869,64.94,61,0,2.66,TR,1652230589
egvekinot,66.3167,-179.1667,31.42,100,99,3.4,RU,1652230590
batagay-alyta,67.8006,130.4114,21.09,66,100,4.97,RU,1652230592
maturin,9.75,-63.1767,76.35,69,6,7.2,VE,1652230593
huanuco,-9.9329,-76.2415,61.47,95,61,2.13,PE,1652230595
trelew,-43.249,-65.3051,50.16,75,0,6.64,AR,1652230342
puerto leguizamo,-0.1934,-74.7819,73.24,97,34,2.17,CO,1652230598
itarema,-2.9248,-39.9167,76.48,84,100,5.14,BR,1652230599
cherskiy,68.75,161.3,26.31,82,100,7.16,RU,1652230601
gambela,8.25,34.5833,74.84,77,10,5.48,ET,1652230602
fandriana,-20.2333,47.3833,49.05,90,0,4.36,MG,1652230604
taoudenni,22.6783,-3.9836,89.08,8,5,7.63,ML,1652230605
sisimiut,66.9395,-53.6735,23.72,72,30,8.84,GL,1652230608
wad rawah,15.1603,33.1397,88.47,13,6,18.28,SD,1652230609
stromness,58.965,-3.296,48.16,84,100,18.01,GB,1652230613
yarensk,62.1675,49.0916,35.76,87,77,5.53,RU,1652230615
namatanai,-3.6667,152.4333,85.87,65,83,9.82,PG,1652230616
yarada,17.65,83.2667,80.92,94,100,11.5,IN,1652230618
palencia,42.4167,-4.5,60.93,63,25,2.86,ES,1652230619
heihe,50.2441,127.4902,39.78,93,100,13.53,CN,1652230621
vangaindrano,-23.35,47.6,65.64,79,0,4.79,MG,1652230622
uige,-7.6087,15.0613,68.14,87,89,2.75,AO,1652230624
watertown,42.3709,-71.1828,52.93,52,0,5.01,US,1652230541
batsfjord,70.6345,29.7185,37.33,100,100,8.05,NO,1652230626
ariquemes,-9.9133,-63.0408,74.84,91,43,1.61,BR,1652230368
aswan,24.0934,32.907,83.5,17,0,8.05,EG,1652230551
baruun-urt,46.6806,113.2792,35.04,36,17,15.66,MN,1652230630
zatoka,46.0725,30.4654,56.16,64,100,12.01,UA,1652230632
clyde river,70.4692,-68.5914,19.63,79,0,5.75,CA,1652230633
valparaiso,-33.0393,-71.6273,57.47,87,75,4.61,CL,1652230635
makakilo city,21.3469,-158.0858,80.35,61,75,11.5,US,1652230636
brae,60.3964,-1.353,47.64,88,100,19.46,GB,1652230535
leningradskiy,69.3833,178.4167,34.9,95,13,5.37,RU,1652230639
jijiga,9.35,42.8,64.99,39,58,4.63,ET,1652230640
san jose de gracia,20.6667,-102.5833,80.89,22,100,6.64,MX,1652230642
votkinsk,57.0486,53.9872,48.78,91,100,9.31,RU,1652230643
saint simons,31.1352,-81.3901,70.02,51,0,0.0,US,1652230645
cap malheureux,-19.9842,57.6142,75.47,79,34,13.0,MU,1652230646
gamba,-2.65,10.0,77.36,92,87,5.08,GA,1652230464
henties bay,-22.116,14.2845,61.14,74,91,6.17,NA,1652230650
turukhansk,65.8167,87.9833,34.93,100,100,7.63,RU,1652230652
sinnamary,5.3833,-52.95,77.34,87,29,9.4,GF,1652230653
kantunil,20.8,-89.0333,84.34,59,6,11.27,MX,1652230655
chichigalpa,12.5776,-87.027,80.55,76,97,3.74,NI,1652230656
pueblo nuevo,23.3833,-105.3833,72.64,40,0,3.31,MX,1652230658
upernavik,72.7868,-56.1549,16.16,90,30,6.31,GL,1652230659
matara,5.9485,80.5353,80.78,86,100,16.73,LK,1652230661
kamensk-uralskiy,56.4185,61.9329,49.6,84,100,14.0,RU,1652230662
coria,39.9879,-6.5377,70.45,51,93,3.22,ES,1652230664
muros,42.7762,-9.0603,52.84,87,16,3.33,ES,1652230665
yelan,50.949,43.7378,33.96,87,16,11.3,RU,1652230667
gushikawa,26.3544,127.8686,79.83,89,100,6.91,JP,1652230668
baiyin,36.5583,104.2081,60.71,50,6,14.38,CN,1652230670
karratha,-20.7377,116.8463,74.95,20,83,15.82,AU,1652230671
savelugu,9.6244,-0.8253,85.06,54,18,4.83,GH,1652230673
san carlos de bariloche,-41.1456,-71.3082,38.95,56,0,8.05,AR,1652230674
kaeo,-35.1,173.7833,65.32,60,0,9.06,NZ,1652230676
colesberg,-30.72,25.0972,52.57,49,95,6.6,ZA,1652230677
lazaro cardenas,17.9583,-102.2,79.29,74,2,4.76,MX,1652230679
kirando,-7.4167,30.6,72.81,70,95,7.45,TZ,1652230680
vardo,70.3705,31.1107,37.38,100,100,12.66,NO,1652230682
businga,3.3333,20.8833,70.92,99,100,2.28,CD,1652230683
half moon bay,37.4636,-122.4286,59.67,59,20,25.32,US,1652230524
rawson,-43.3002,-65.1023,51.76,72,0,8.19,AR,1652230686
baijiantan,45.6333,85.1833,71.53,14,100,4.29,CN,1652230688
tuatapere,-46.1333,167.6833,56.37,57,81,3.06,NZ,1652230689
grindavik,63.8424,-22.4338,39.15,75,75,17.27,IS,1652230691
kati,12.7441,-8.0726,83.61,16,11,1.99,ML,1652230692
souillac,-20.5167,57.5167,71.98,94,20,4.61,MU,1652230694
taltal,-25.4,-70.4833,61.11,80,28,3.24,CL,1652230696
dudinka,69.4058,86.1778,22.62,91,29,11.23,RU,1652230698
shitanjing,39.2342,106.3439,49.05,42,98,9.66,CN,1652230699
tshikapa,-6.4167,20.8,72.82,74,99,2.33,CD,1652230701
kununurra,-15.7667,128.7333,84.18,37,93,9.22,AU,1652230703
west bay,19.3667,-81.4167,84.27,76,20,12.66,KY,1652230705
alexandria,31.2156,29.9553,66.16,72,40,5.75,EG,1652230706
saint helens,53.45,-2.7333,55.63,72,75,13.8,GB,1652230708
ahipara,-35.1667,173.1667,63.0,42,0,12.28,NZ,1652230709
svetlyy,54.675,20.1347,53.96,63,100,14.65,RU,1652230711
new smyrna beach,29.0258,-80.927,70.12,56,100,19.57,US,1652230712
rio gallegos,-51.6226,-69.2181,42.85,70,0,4.61,AR,1652230485
ostrovnoy,68.0531,39.5131,38.17,86,44,16.31,RU,1652230715
mackay,-21.15,149.2,72.68,88,100,10.36,AU,1652230718
bandarbeyla,9.4942,50.8122,81.52,81,9,3.78,SO,1652230719
fonte boa,-2.4959,-66.2662,74.43,96,99,2.42,BR,1652230721
kitui,-1.367,38.0106,62.64,90,66,1.86,KE,1652230722
talnakh,69.4865,88.3972,22.21,84,36,3.36,RU,1652230724
byron bay,-28.65,153.6167,71.49,78,100,14.74,AU,1652230725
bambanglipuro,-7.95,110.2833,82.44,81,46,0.56,ID,1652230727
tambovka,50.0969,128.0489,47.21,59,100,13.85,RU,1652230729
kandiari,26.9156,68.5216,83.52,57,0,9.13,PK,1652230731
saint-pierre,-21.3393,55.4781,71.91,64,0,6.91,RE,1652230548
amurzet,47.6967,131.0981,65.19,38,100,8.23,RU,1652230734
pocatello,42.8713,-112.4455,53.85,29,67,10.0,US,1652230735
ajdabiya,30.7554,20.2263,63.05,65,31,9.71,LY,1652230737
tevriz,57.509,72.4042,51.94,45,100,8.5,RU,1652230738
mitsamiouli,-11.3847,43.2844,79.16,68,0,11.65,KM,1652230740
chepen,-7.2167,-79.45,68.25,73,49,4.27,PE,1652230741
thinadhoo,0.5333,72.9333,84.54,72,100,17.83,MV,1652230714
marawi,7.9986,124.2928,77.94,77,93,0.98,PH,1652230745
kloulklubed,7.0419,134.2556,77.5,87,100,13.51,PW,1652230747
ciro marina,39.3732,17.126,61.02,71,35,8.72,IT,1652230749
eau claire,44.8114,-91.4985,80.98,44,75,3.44,US,1652230520
yumen,40.2833,97.2,67.73,15,14,8.95,CN,1652230752
prince rupert,54.3161,-130.3201,42.89,87,100,18.41,CA,1652230753
san luis,-33.295,-66.3356,60.89,53,97,14.18,AR,1652230755
sharjah,25.3573,55.4033,76.98,69,0,9.22,AE,1652230756
lorengau,-2.0226,147.2712,85.51,69,100,10.2,PG,1652230758
camacha,33.0833,-16.3333,62.02,88,40,11.5,PT,1652230759
nicoya,10.1483,-85.452,81.37,78,23,3.47,CR,1652230761
lahij,13.1667,44.5833,79.95,58,1,3.09,YE,1652230762
olga,43.7444,135.2892,61.99,27,100,10.51,RU,1652230764
altay,47.8667,88.1167,54.19,27,0,6.04,CN,1652230765
smirnykh,49.75,142.8333,55.4,58,6,7.16,RU,1652230767
oktyabrskiy,54.4815,53.471,48.72,96,100,4.36,RU,1652230771
kambove,-10.8764,26.5969,58.17,78,7,2.68,CD,1652230772
maniitsoq,65.4167,-52.9,24.49,79,55,10.49,GL,1652230774
willowmore,-33.2926,23.4895,51.24,44,0,5.08,ZA,1652230775
grand forks,47.9417,-97.4337,61.84,46,0,6.29,US,1652230777
malakal,9.5334,31.6605,86.05,50,100,3.78,SS,1652230778
tambo,-14.8,-73.9167,35.31,64,0,2.04,PE,1652230780
dunda,-8.1167,34.25,60.01,85,4,3.71,TZ,1652230781
zagora,30.3484,-5.8365,75.78,17,100,5.01,MA,1652230783
sassandra,4.95,-6.0833,79.21,89,100,5.91,CI,1652230784
shakawe,-18.3667,21.85,55.58,28,0,2.86,BW,1652230786
sandy bay,-42.913,147.3532,54.3,79,0,10.36,AU,1652230787
kushmurun,52.4503,64.6311,52.63,83,100,13.78,KZ,1652230789
lata,40.1629,-8.3327,53.98,67,6,2.21,PT,1652230790
nago,26.5881,127.9761,78.46,89,100,11.83,JP,1652230792
barcelos,41.5388,-8.6151,59.92,80,41,3.2,PT,1652230793
ust-koksa,50.2696,85.6108,43.86,51,5,2.93,RU,1652230798
salinas,36.6777,-121.6555,63.01,58,3,12.91,US,1652230800
banepa,27.6298,85.5214,64.72,94,20,3.44,NP,1652230802
beira,-19.8436,34.8389,69.39,86,0,2.24,MZ,1652230803
conde,-7.2597,-34.9075,74.79,88,61,8.34,BR,1652230806
gyanpur,25.35,82.4667,88.14,47,0,7.47,IN,1652230808
zilair,52.2332,57.4392,41.58,94,100,14.32,RU,1652230811
port-gentil,-0.7193,8.7815,80.62,84,100,10.04,GA,1652230813
conneaut,41.9476,-80.5542,64.85,49,19,7.11,US,1652230814
masterton,-40.9597,175.6575,58.89,59,98,5.59,NZ,1652230816
kedougou,12.5579,-12.1743,90.54,27,6,3.2,SN,1652230817
prainha,-1.8,-53.48,74.1,97,100,3.0,BR,1652230819
jawhar,2.7809,45.5005,76.66,92,12,12.28,SO,1652230820
nabire,-3.3667,135.4833,84.72,70,94,0.69,ID,1652230822
huoqiu,32.3394,116.2694,64.65,73,100,7.85,CN,1652230823
klyuchevskiy,53.5317,119.4519,33.13,47,100,12.59,RU,1652230825
glenwood springs,39.5505,-107.3248,61.83,31,0,17.27,US,1652230611
nioki,-2.7167,17.6833,72.79,96,93,2.77,CD,1652230828
den helder,52.9599,4.7593,55.38,89,100,11.01,NL,1652230829
minas,-34.3759,-55.2377,55.81,92,100,5.48,UY,1652230831
phuthaditjhaba,-28.5242,28.8158,47.61,56,100,6.26,ZA,1652230832
hendek,40.7994,30.7481,45.28,88,5,1.88,TR,1652230834
menongue,-14.6585,17.691,54.48,51,0,2.68,AO,1652230835
nemuro,43.3236,145.575,46.63,74,0,9.08,JP,1652230837
gorele,41.0308,39.0031,50.95,66,0,5.17,TR,1652230838
beloha,-25.1667,45.05,63.0,92,15,3.13,MG,1652230840
serdobsk,52.4586,44.2169,35.19,97,100,12.97,RU,1652230841
gorontalo,0.5412,123.0595,78.04,90,100,3.06,ID,1652230843
puerto colombia,10.9878,-74.9547,82.27,82,100,5.82,CO,1652230844
hobyo,5.3505,48.5268,82.09,74,100,16.15,SO,1652230846
san rafael del sur,11.8485,-86.4384,81.7,73,99,1.99,NI,1652230847
kargopol,61.5071,38.9456,35.58,80,0,3.0,RU,1652230850
anchorage,61.2181,-149.9003,53.92,28,40,21.85,US,1652230668
guangyuan,32.442,105.823,71.17,73,100,4.0,CN,1652230857
wasilla,61.5814,-149.4394,53.02,25,3,3.0,US,1652230683
tikrit,34.6071,43.6782,69.49,39,0,10.69,IQ,1652230859
aripuana,-9.1667,-60.6333,75.99,85,97,0.94,BR,1652230861
arlit,18.7369,7.3853,85.44,16,0,2.86,NE,1652230863
bonao,18.9369,-70.4092,71.87,93,12,3.04,DO,1652230865
port moresby,-9.4431,147.1797,86.72,70,88,8.57,PG,1652230866
sterling,39.0062,-77.4286,61.93,47,0,1.99,US,1652230735
pochutla,15.7432,-96.4661,85.82,71,96,3.87,MX,1652230871
morondava,-20.2833,44.2833,69.3,78,0,8.84,MG,1652230873
vierzon,47.2101,2.0625,63.19,86,63,7.07,FR,1652230875
zwolle,52.5126,6.0936,57.94,80,100,8.03,NL,1652230743
abu samrah,35.3029,37.1841,59.58,54,0,6.4,SY,1652230878
colombia,20.9881,-77.4297,74.8,84,100,10.09,CU,1652230881
raudeberg,61.9875,5.1352,47.07,90,100,18.16,NO,1652230883
san pedro,14.35,121.0167,88.36,64,25,8.19,PH,1652230885
vanimo,-2.6741,141.3028,86.0,69,75,7.38,PG,1652230886
tautira,-17.7333,-149.15,81.1,75,48,15.37,PF,1652230881
roebourne,-20.7833,117.1333,74.52,20,43,15.3,AU,1652230889
catamarca,-28.4696,-65.7852,68.58,59,51,2.28,AR,1652230890
mount isa,-20.7333,139.5,71.37,73,100,12.66,AU,1652230892
harper,4.375,-7.7169,79.5,84,100,5.21,LR,1652230894
sembe,1.6481,14.5806,71.51,98,100,2.21,CG,1652230895
fukue,32.6881,128.8419,66.52,93,100,11.18,JP,1652230897
atar,20.5169,-13.0499,87.76,20,5,9.75,MR,1652230898
korla,41.7597,86.1469,75.85,23,51,10.83,CN,1652230899
high level,58.5169,-117.136,45.41,50,63,3.85,CA,1652230824
giyani,-23.3025,30.7187,61.88,79,0,1.79,ZA,1652230902
la paz,-16.5,-68.15,45.05,66,89,4.85,BO,1652230804
north bend,43.4065,-124.2243,57.24,85,4,10.98,US,1652230824
isangel,-19.55,169.2667,79.16,63,8,16.75,VU,1652230909
sorkjosen,69.8,20.9333,33.8,100,100,2.3,NO,1652230910
tougan,13.0667,-3.0667,88.3,25,100,8.03,BF,1652230912
